tconst,titleType,primaryTitle,originalTitle,isAdult,startYear,endYear,runtimeMinutes,genres,averageRating,numVotes,peak_search
tt0944947,tvSeries,Game of Thrones,Game of Thrones,0,2011.0,2019.0,60,"Action,Adventure,Drama",9.2,2611033,100.0
tt4574334,tvSeries,Stranger Things,Stranger Things,0,2016.0,2025.0,60,"Drama,Fantasy,Horror",8.6,1696143,100.0
tt1520211,tvSeries,The Walking Dead,The Walking Dead,0,2010.0,2022.0,45,"Drama,Horror,Thriller",8.1,1194752,100.0
tt1475582,tvSeries,Sherlock,Sherlock,0,2010.0,2017.0,90,"Crime,Drama,Mystery",9.0,1087604,100.0
tt1190634,tvSeries,The Boys,The Boys,0,2019.0,2026.0,60,"Action,Comedy,Crime",8.6,862839,100.0
tt3032476,tvSeries,Better Call Saul,Better Call Saul,0,2015.0,2022.0,45,"Crime,Drama",9.0,832588,100.0
tt2442560,tvSeries,Peaky Blinders,Peaky Blinders,0,2013.0,2022.0,60,"Crime,Drama",8.7,774225,100.0
tt10919420,tvSeries,Squid Game,Ojing-eo geim,0,2021.0,2025.0,60,"Action,Crime,Drama",7.9,759230,100.0
tt2356777,tvSeries,True Detective,True Detective,0,2014.0,,60,"Crime,Drama,Mystery",8.8,754142,100.0
tt2085059,tvSeries,Black Mirror,Black Mirror,0,2011.0,,60,"Crime,Drama,Mystery",8.7,736658,100.0
tt3581920,tvSeries,The Last of Us,The Last of Us,0,2023.0,,50,"Action,Adventure,Drama",8.5,735572,100.0
tt2560140,tvSeries,Attack on Titan,Shingeki no kyojin,0,2013.0,2023.0,24,"Action,Adventure,Animation",9.1,712492,100.0
tt2861424,tvSeries,Rick and Morty,Rick and Morty,0,2013.0,,23,"Adventure,Animation,Comedy",9.0,693611,100.0
tt8111088,tvSeries,The Mandalorian,The Mandalorian,0,2019.0,2023.0,40,"Action,Adventure,Fantasy",8.6,652777,100.0
tt2306299,tvSeries,Vikings,Vikings,0,2013.0,2020.0,45,"Action,Adventure,Drama",8.5,641115,100.0
tt5180504,tvSeries,The Witcher,The Witcher,0,2019.0,,60,"Action,Adventure,Drama",7.8,619950,100.0
tt6468322,tvSeries,Money Heist,La casa de papel,0,2017.0,2021.0,60,"Action,Crime,Drama",8.2,605717,100.0
tt1856010,tvSeries,House of Cards,House of Cards,0,2013.0,2018.0,50,"Drama,Thriller",8.6,559102,100.0
tt0475784,tvSeries,Westworld,Westworld,0,2016.0,2022.0,60,"Drama,Mystery,Sci-Fi",8.4,557577,100.0
tt5753856,tvSeries,Dark,Dark,0,2017.0,2020.0,60,"Crime,Drama,Mystery",8.7,543759,100.0
tt1632701,tvSeries,Suits,Suits,0,2011.0,2019.0,45,"Comedy,Drama",8.4,539032,100.0
tt3322312,tvSeries,Daredevil,Daredevil,0,2015.0,2018.0,60,"Action,Crime,Drama",8.6,529988,100.0
tt2707408,tvSeries,Narcos,Narcos,0,2015.0,2017.0,50,"Biography,Crime,Drama",8.7,527082,100.0
tt11198330,tvSeries,House of the Dragon,House of the Dragon,0,2022.0,,60,"Action,Adventure,Drama",8.3,524930,100.0
tt13443470,tvSeries,Wednesday,Wednesday,0,2022.0,,45,"Comedy,Crime,Fantasy",8.0,495843,100.0
tt9140554,tvSeries,Loki,Loki,0,2021.0,2023.0,50,"Action,Adventure,Fantasy",8.2,471654,100.0
tt2802850,tvSeries,Fargo,Fargo,0,2014.0,2024.0,60,"Crime,Drama,Thriller",8.8,468511,100.0
tt4158110,tvSeries,Mr. Robot,Mr. Robot,0,2015.0,2019.0,45,"Crime,Drama,Thriller",8.5,466995,100.0
tt2193021,tvSeries,Arrow,Arrow,0,2012.0,2020.0,42,"Action,Adventure,Crime",7.5,460790,100.0
tt11126994,tvSeries,Arcane,Arcane: League of Legends,0,2021.0,2024.0,40,"Action,Adventure,Animation",9.0,442771,100.0
tt10986410,tvSeries,Ted Lasso,Ted Lasso,0,2020.0,,30,"Comedy,Drama,Sport",8.7,441675,100.0
tt7631058,tvSeries,The Lord of the Rings: The Rings of Power,The Lord of the Rings: The Rings of Power,0,2022.0,,60,"Action,Adventure,Drama",6.9,438848,100.0
tt2467372,tvSeries,Brooklyn Nine-Nine,Brooklyn Nine-Nine,0,2013.0,2021.0,22,"Comedy,Crime",8.4,416145,100.0
tt7767422,tvSeries,Sex Education,Sex Education,0,2019.0,2023.0,60,"Comedy,Drama,Romance",8.2,397371,100.0
tt5290382,tvSeries,Mindhunter,Mindhunter,0,2017.0,2019.0,60,"Crime,Drama,Mystery",8.6,395935,100.0
tt4052886,tvSeries,Lucifer,Lucifer,0,2016.0,2021.0,45,"Crime,Drama,Fantasy",8.0,391796,100.0
tt5071412,tvSeries,Ozark,Ozark,0,2017.0,2022.0,60,"Crime,Drama,Thriller",8.4,391648,100.0
tt12637874,tvSeries,Fallout,Fallout,0,2024.0,,60,"Action,Adventure,Drama",8.3,390751,100.0
tt11280740,tvSeries,Severance,Severance,0,2022.0,,50,"Drama,Mystery,Sci-Fi",8.6,387326,100.0
tt3107288,tvSeries,The Flash,The Flash,0,2014.0,2023.0,43,"Action,Adventure,Drama",7.5,385288,100.0
tt1796960,tvSeries,Homeland,Homeland,0,2011.0,2020.0,60,"Crime,Drama,Mystery",8.3,384236,100.0
tt7335184,tvSeries,You,You,0,2018.0,2025.0,45,"Crime,Drama,Romance",7.6,366883,100.0
tt1844624,tvSeries,American Horror Story,American Horror Story,0,2011.0,,60,"Drama,Horror,Sci-Fi",7.9,361936,100.0
tt7660850,tvSeries,Succession,Succession,0,2018.0,2023.0,60,"Comedy,Drama",8.8,355191,100.0
tt1837492,tvSeries,13 Reasons Why,13 Reasons Why,0,2017.0,2020.0,60,"Drama,Mystery,Thriller",7.4,339286,100.0
tt2372162,tvSeries,Orange Is the New Black,Orange Is the New Black,0,2013.0,2019.0,60,"Comedy,Crime,Drama",8.0,336152,100.0
tt6741278,tvSeries,Invincible,Invincible,0,2021.0,,50,"Action,Adventure,Animation",8.7,333304,100.0
tt1586680,tvSeries,Shameless,Shameless,0,2011.0,2021.0,60,"Comedy,Drama",8.5,332915,100.0
tt13406094,tvSeries,The White Lotus,The White Lotus,0,2021.0,,60,"Comedy,Drama,Mystery",8.0,323728,100.0
tt14392248,tvSeries,Aspirants,Aspirants,0,2021.0,,45,Drama,9.1,318762,100.0
tt1312171,tvSeries,The Umbrella Academy,The Umbrella Academy,0,2019.0,2024.0,60,"Action,Adventure,Comedy",7.8,314441,100.0
tt4236770,tvSeries,Yellowstone,Yellowstone,0,2018.0,2024.0,60,"Drama,Western",8.6,309700,100.0
tt2243973,tvSeries,Hannibal,Hannibal,0,2013.0,2015.0,45,"Crime,Drama,Horror",8.5,308398,100.0
tt14452776,tvSeries,The Bear,The Bear,0,2022.0,2026.0,30,"Comedy,Drama",8.5,308196,100.0
tt2661044,tvSeries,The 100,The 100,0,2014.0,2020.0,43,"Action,Drama,Sci-Fi",7.5,303611,100.0
tt5675620,tvSeries,The Punisher,The Punisher,0,2017.0,2019.0,60,"Action,Crime,Drama",8.4,301795,100.0
tt8772296,tvSeries,Euphoria,Euphoria,0,2019.0,2026.0,60,Drama,8.2,301584,100.0
tt2741602,tvSeries,The Blacklist,The Blacklist,0,2013.0,2023.0,43,"Crime,Drama,Mystery",7.9,300501,100.0
tt5834204,tvSeries,The Handmaid's Tale,The Handmaid's Tale,0,2017.0,2025.0,60,"Drama,Sci-Fi,Thriller",8.3,296968,100.0
tt1442449,tvSeries,Spartacus,Spartacus,0,2010.0,2013.0,60,"Action,Adventure,Biography",8.4,295444,100.0
tt9288030,tvSeries,Reacher,Reacher,0,2022.0,,50,"Action,Crime,Drama",8.0,292811,100.0
tt4786824,tvSeries,The Crown,The Crown,0,2016.0,2023.0,60,"Biography,Drama,History",8.6,280845,100.0
tt9253284,tvSeries,Andor,Andor,0,2022.0,2025.0,60,"Action,Adventure,Drama",8.6,274989,100.0
tt1826940,tvSeries,New Girl,New Girl,0,2011.0,2018.0,22,"Comedy,Romance",7.8,263049,100.0
tt3749900,tvSeries,Gotham,Gotham,0,2014.0,2019.0,42,"Action,Crime,Drama",7.8,251481,100.0
tt1843230,tvSeries,Once Upon a Time,Once Upon a Time,0,2011.0,2018.0,60,"Adventure,Fantasy,Romance",7.7,247739,100.0
tt1606375,tvSeries,Downton Abbey,Downton Abbey,0,2010.0,2015.0,60,"Drama,Romance",8.7,246035,100.0
tt6257970,tvSeries,The End of the F***ing World,The End of the F***ing World,0,2017.0,2019.0,25,"Adventure,Comedy,Crime",8.0,245928,100.0
tt5687612,tvSeries,Fleabag,Fleabag,0,2016.0,2019.0,30,"Comedy,Drama",8.7,245822,100.0
tt3920596,tvSeries,Big Little Lies,Big Little Lies,0,2017.0,2026.0,50,"Crime,Drama,Mystery",8.4,244711,100.0
tt2788316,tvSeries,Shōgun,Shogun,0,2024.0,2026.0,60,"Action,Adventure,Drama",8.6,244648,100.0
tt7221388,tvSeries,Cobra Kai,Cobra Kai,0,2018.0,2025.0,30,"Action,Comedy,Drama",8.4,242841,100.0
tt2357547,tvSeries,Jessica Jones,Jessica Jones,0,2015.0,2019.0,56,"Action,Crime,Drama",7.8,239128,100.0
tt2364582,tvSeries,Agents of S.H.I.E.L.D.,Agents of S.H.I.E.L.D.,0,2013.0,2020.0,45,"Action,Adventure,Sci-Fi",7.5,235143,100.0
tt3398228,tvSeries,BoJack Horseman,BoJack Horseman,0,2014.0,2020.0,25,"Animation,Comedy,Drama",8.8,232463,100.0
tt9561862,tvSeries,"Love, Death & Robots","Love, Death & Robots",0,2019.0,,15,"Action,Adventure,Animation",8.4,229168,100.0
tt8740790,tvSeries,Bridgerton,Bridgerton,0,2020.0,,60,"Drama,Romance",7.5,227792,100.0
tt9335498,tvSeries,Demon Slayer: Kimetsu no Yaiba,Kimetsu no Yaiba,0,2019.0,2024.0,24,"Action,Adventure,Animation",8.6,224943,100.0
tt4508902,tvSeries,One Punch Man,One Punch Man: Wanpanman,0,2015.0,,24,"Action,Animation,Comedy",8.6,224541,100.0
tt13207736,tvSeries,Monster,Monster,0,2022.0,,60,"Biography,Crime,Drama",7.7,222767,100.0
tt4955642,tvSeries,The Good Place,The Good Place,0,2016.0,2020.0,22,"Comedy,Drama,Fantasy",8.2,220241,100.0
tt0979432,tvSeries,Boardwalk Empire,Boardwalk Empire,0,2010.0,2014.0,60,"Crime,Drama",8.6,217817,100.0
tt14688458,tvSeries,Silo,Silo,0,2023.0,,49,"Drama,Mystery,Sci-Fi",8.1,212876,100.0
tt1751634,tvSeries,The Sandman,The Sandman,0,2022.0,2025.0,45,"Drama,Fantasy,Horror",7.6,209262,100.0
tt1839578,tvSeries,Person of Interest,Person of Interest,0,2011.0,2016.0,43,"Action,Crime,Drama",8.5,207371,100.0
tt11737520,tvSeries,One Piece,One Piece,0,2023.0,,60,"Action,Adventure,Comedy",8.3,205712,100.0
tt12343534,tvSeries,Jujutsu Kaisen,Jujutsu Kaisen,0,2020.0,,24,"Action,Adventure,Animation",8.5,205394,100.0
tt11691774,tvSeries,Only Murders in the Building,Only Murders in the Building,0,2021.0,,30,"Comedy,Crime,Drama",8.0,203316,100.0
tt2261227,tvSeries,Altered Carbon,Altered Carbon,0,2018.0,2020.0,60,"Action,Adventure,Drama",7.9,202133,100.0
tt3006802,tvSeries,Outlander,Outlander,0,2014.0,2026.0,60,"Adventure,Drama,Fantasy",8.3,200157,100.0
tt2098220,tvSeries,Hunter X Hunter,Hunter x Hunter,0,2011.0,2014.0,24,"Action,Adventure,Animation",9.0,193943,100.0
tt13146488,tvSeries,Peacemaker,Peacemaker,0,2022.0,2025.0,40,"Action,Adventure,Comedy",8.2,192775,100.0
tt5057054,tvSeries,Jack Ryan,Jack Ryan,0,2018.0,2023.0,60,"Action,Crime,Drama",8.0,192365,100.0
tt3230854,tvSeries,The Expanse,The Expanse,0,2015.0,2022.0,60,"Drama,Mystery,Sci-Fi",8.5,191646,100.0
tt4179452,tvSeries,The Last Kingdom,The Last Kingdom,0,2015.0,2022.0,60,"Action,Drama,History",8.5,188798,100.0
tt1578873,tvSeries,Pretty Little Liars,Pretty Little Liars,0,2010.0,2017.0,44,"Drama,Mystery,Romance",7.3,188417,100.0
tt2575988,tvSeries,Silicon Valley,Silicon Valley,0,2014.0,2019.0,30,Comedy,8.5,181813,100.0
tt13016388,tvSeries,3 Body Problem,3 Body Problem,0,2024.0,,60,"Adventure,Drama,Fantasy",7.5,180116,100.0
tt1567432,tvSeries,Teen Wolf,Teen Wolf,0,2011.0,2017.0,41,"Action,Drama,Fantasy",7.7,178758,100.0
tt3205802,tvSeries,How to Get Away with Murder,How to Get Away with Murder,0,2014.0,2020.0,45,"Crime,Drama,Mystery",8.1,178567,100.0
tt9813792,tvSeries,From,From,0,2022.0,,52,"Drama,Horror,Mystery",7.8,178137,100.0
tt1865718,tvSeries,Gravity Falls,Gravity Falls,0,2012.0,2016.0,23,"Adventure,Animation,Comedy",8.9,177854,100.0
tt13210838,tvSeries,The Gentlemen,The Gentlemen,0,2024.0,,50,"Action,Comedy,Crime",8.0,177679,100.0
tt5555260,tvSeries,This Is Us,This Is Us,0,2016.0,2022.0,45,"Comedy,Drama,Romance",8.7,174193,100.0
tt3526078,tvSeries,Schitt's Creek,Schitt$ Creek,0,2015.0,2020.0,22,Comedy,8.5,173121,100.0
tt2431438,tvSeries,Sense8,Sense8,0,2015.0,2018.0,60,"Drama,Mystery,Sci-Fi",8.2,171424,100.0
tt7493974,tvSeries,Bodyguard,Bodyguard,0,2018.0,2018.0,60,"Crime,Drama,Mystery",8.0,170214,100.0
tt14403178,tvSeries,Beef,Beef,0,2023.0,,30,"Comedy,Drama",8.0,169340,100.0
tt8398600,tvSeries,After Life,After Life,0,2019.0,2022.0,30,"Comedy,Drama",8.4,168863,100.0
tt5420376,tvSeries,Riverdale,Riverdale,0,2017.0,2023.0,45,"Crime,Drama,Mystery",6.4,165682,100.0
tt7462410,tvSeries,The Wheel of Time,The Wheel of Time,0,2021.0,2025.0,60,"Action,Adventure,Drama",7.2,164012,100.0
tt1474684,tvSeries,Luther,Luther,0,2010.0,2019.0,60,"Crime,Drama,Mystery",8.4,163667,100.0
tt3647998,tvSeries,Taboo,Taboo,0,2017.0,2017.0,60,"Drama,Mystery,Thriller",8.3,162984,100.0
tt2632424,tvSeries,The Originals,The Originals,0,2013.0,2018.0,45,"Drama,Fantasy,Horror",8.2,160528,100.0
tt13918776,tvSeries,The Night Agent,The Night Agent,0,2023.0,,45,"Action,Drama,Thriller",7.4,160398,100.0
tt10168312,tvSeries,What If...?,What If...?,0,2021.0,2024.0,32,"Action,Adventure,Animation",7.3,160136,100.0
tt2531336,tvSeries,Lupin,Lupin,0,2021.0,,45,"Action,Crime,Drama",7.5,158325,100.0
tt5788792,tvSeries,The Marvelous Mrs. Maisel,The Marvelous Mrs. Maisel,0,2017.0,2023.0,60,"Comedy,Drama",8.6,157978,100.0
tt3743822,tvSeries,Fear the Walking Dead,Fear the Walking Dead,0,2015.0,2023.0,44,"Drama,Horror,Sci-Fi",6.8,153864,100.0
tt7016936,tvSeries,Killing Eve,Killing Eve,0,2018.0,2022.0,42,"Action,Adventure,Drama",8.1,153499,100.0
tt6048596,tvSeries,The Sinner,The Sinner,0,2017.0,2021.0,45,"Crime,Drama,Mystery",7.8,152058,100.0
tt1695360,tvSeries,The Legend of Korra,The Legend of Korra,0,2012.0,2014.0,23,"Action,Adventure,Animation",8.3,150701,100.0
tt22202452,tvSeries,Pluribus,Pluribus,0,2025.0,,60,"Drama,Sci-Fi",8.0,150105,100.0
tt7203552,tvSeries,The Morning Show,The Morning Show,0,2019.0,,60,Drama,8.1,150085,100.0
tt13159924,tvSeries,Gen V,Gen V,0,2023.0,2025.0,50,"Action,Adventure,Comedy",7.6,149420,100.0
tt3322310,tvSeries,Iron Fist,Iron Fist,0,2017.0,2018.0,60,"Action,Adventure,Crime",6.4,148898,100.0
tt3322314,tvSeries,Luke Cage,Luke Cage,0,2016.0,2018.0,60,"Action,Crime,Drama",7.2,148190,100.0
tt10795658,tvSeries,Alice in Borderland,Imawa no Kuni no Arisu,0,2020.0,2025.0,50,"Action,Drama,Horror",7.8,146889,100.0
tt5875444,tvSeries,Slow Horses,Slow Horses,0,2022.0,,50,"Drama,Thriller",8.3,146701,100.0
tt6226232,tvSeries,Young Sheldon,Young Sheldon,0,2017.0,2024.0,30,Comedy,7.7,146653,100.0
tt2017109,tvSeries,Banshee,Banshee,0,2013.0,2016.0,60,"Action,Crime,Drama",8.4,146517,100.0
tt5171438,tvSeries,Star Trek: Discovery,Star Trek: Discovery,0,2017.0,2024.0,60,"Action,Adventure,Drama",6.9,146010,100.0
tt31938062,tvSeries,The Pitt,The Pitt,0,2025.0,,50,Drama,8.9,145295,100.0
tt12262202,tvSeries,The Acolyte,The Acolyte,0,2024.0,2024.0,40,"Action,Adventure,Fantasy",4.3,142735,100.0
tt5348176,tvSeries,Barry,Barry,0,2018.0,2023.0,30,"Action,Comedy,Crime",8.3,142459,100.0
tt8962124,tvSeries,Emily in Paris,Emily in Paris,0,2020.0,,30,"Comedy,Drama,Romance",6.8,142264,100.0
tt2249364,tvSeries,Broadchurch,Broadchurch,0,2013.0,2017.0,48,"Crime,Drama,Mystery",8.3,141799,100.0
tt33043892,tvSeries,Dexter: Resurrection,Dexter: Resurrection,0,2025.0,,50,"Crime,Drama,Thriller",9.0,141477,100.0
tt13622776,tvSeries,Ahsoka,Ahsoka,0,2023.0,,50,"Action,Adventure,Fantasy",7.4,140677,100.0
tt1830617,tvSeries,Grimm,Grimm,0,2011.0,2017.0,45,"Action,Adventure,Crime",7.9,140484,100.0
tt2628232,tvSeries,Penny Dreadful,Penny Dreadful,0,2014.0,2016.0,60,"Drama,Fantasy,Horror",8.2,139434,100.0
tt1399664,tvSeries,The Night Manager,The Night Manager,0,2016.0,,60,"Crime,Drama,Mystery",8.0,137709,100.0
tt10233448,tvSeries,Vinland Saga,Vinland Saga,0,2019.0,2023.0,24,"Action,Adventure,Animation",8.8,137294,100.0
tt1870479,tvSeries,The Newsroom,The Newsroom,0,2012.0,2014.0,60,Drama,8.6,134924,100.0
tt4016454,tvSeries,Supergirl,Supergirl,0,2015.0,2021.0,43,"Action,Adventure,Drama",6.2,134768,100.0
tt1637727,tvSeries,The Killing,The Killing,0,2011.0,2014.0,45,"Crime,Drama,Mystery",8.3,133784,100.0
tt1305826,tvSeries,Adventure Time,Adventure Time,0,2010.0,2018.0,23,"Action,Adventure,Animation",8.6,132882,100.0
tt2294189,tvSeries,The Fall,The Fall,0,2013.0,2016.0,60,"Crime,Drama,Thriller",8.1,131830,100.0
tt24053860,tvSeries,The Day of the Jackal,The Day of the Jackal,0,2024.0,,,"Action,Crime,Drama",8.1,131008,100.0
tt1489428,tvSeries,Justified,Justified,0,2010.0,2015.0,45,"Action,Crime,Drama",8.6,130593,100.0
tt2699128,tvSeries,The Leftovers,The Leftovers,0,2014.0,2017.0,60,"Drama,Fantasy,Mystery",8.3,130384,100.0
tt6470478,tvSeries,The Good Doctor,The Good Doctor,0,2017.0,2024.0,45,Drama,8.0,130072,100.0
tt1837642,tvSeries,Revenge,Revenge,0,2011.0,2015.0,44,"Drama,Mystery,Thriller",7.8,129439,100.0
tt11743610,tvSeries,The Terminal List,The Terminal List,0,2022.0,,60,"Action,Drama,Thriller",7.9,127276,100.0
tt4635282,tvSeries,The OA,The OA,0,2016.0,2019.0,60,"Drama,Fantasy,Mystery",7.8,127005,100.0
tt2191671,tvSeries,Elementary,Elementary,0,2012.0,2019.0,60,"Action,Adventure,Crime",7.9,126657,100.0
tt7587890,tvSeries,The Rookie,The Rookie,0,2018.0,,43,"Action,Crime,Drama",8.0,126501,100.0
tt7908628,tvSeries,What We Do in the Shadows,What We Do in the Shadows,0,2019.0,2024.0,30,"Comedy,Fantasy,Horror",8.5,126471,100.0
tt14650074,tvSeries,Dhindora,Dhindora,0,2021.0,,25,"Comedy,Drama",8.8,126395,100.0
tt0804484,tvSeries,Foundation,Foundation,0,2021.0,,60,"Drama,Sci-Fi",7.6,126058,100.0
tt2188671,tvSeries,Bates Motel,Bates Motel,0,2013.0,2017.0,45,"Drama,Horror,Mystery",8.1,125583,100.0
tt2375692,tvSeries,Black Sails,Black Sails,0,2014.0,2017.0,60,"Action,Adventure,Drama",8.2,125532,100.0
tt12590266,tvSeries,Cyberpunk: Edgerunners,Cyberpunk: Edgerunners,0,2022.0,,24,"Action,Adventure,Animation",8.3,125491,100.0
tt2234222,tvSeries,Orphan Black,Orphan Black,0,2013.0,2017.0,44,"Drama,Sci-Fi,Thriller",8.3,124729,100.0
tt2403776,tvSeries,Shadow and Bone,Shadow and Bone,0,2021.0,2023.0,60,"Action,Adventure,Drama",7.5,124613,100.0
tt1740299,tvSeries,The Man in the High Castle,The Man in the High Castle,0,2015.0,2019.0,60,"Drama,Sci-Fi,Thriller",7.9,123785,100.0
tt2149175,tvSeries,The Americans,The Americans,0,2013.0,2018.0,44,"Crime,Drama,Mystery",8.4,123611,100.0
tt1869454,tvSeries,Good Omens,Good Omens,0,2019.0,2026.0,55,"Comedy,Drama,Fantasy",8.0,123454,100.0
tt9319668,tvSeries,1899,1899,0,2022.0,2022.0,60,"Adventure,Drama,Thriller",7.3,123044,100.0
tt15677150,tvSeries,Shrinking,Shrinking,0,2023.0,,33,"Comedy,Drama",8.1,122538,100.0
tt1043813,tvSeries,Titans,Titans,0,2018.0,2023.0,45,"Action,Adventure,Crime",7.4,119525,100.0
tt5626028,tvSeries,My Hero Academia,Boku no Hîrô Akademia,0,2016.0,2026.0,24,"Action,Adventure,Animation",8.2,119499,100.0
tt7569592,tvSeries,Chilling Adventures of Sabrina,Chilling Adventures of Sabrina,0,2018.0,2020.0,60,"Drama,Fantasy,Horror",7.4,118855,100.0
tt1553656,tvSeries,Under the Dome,Under the Dome,0,2013.0,2015.0,43,"Drama,Mystery,Sci-Fi",6.5,118639,100.0
tt4270492,tvSeries,Billions,Billions,0,2016.0,2023.0,60,Drama,8.3,117854,100.0
tt16358384,tvSeries,Tulsa King,Tulsa King,0,2022.0,,40,"Action,Crime,Drama",7.9,117310,100.0
tt12004706,tvSeries,Panchayat,Panchayat,0,2020.0,,,"Comedy,Drama",9.0,117036,100.0
tt14954666,tvSeries,The Idol,The Idol,0,2023.0,2023.0,60,"Drama,Music",4.4,116352,100.0
tt7520794,tvSeries,Russian Doll,Russian Doll,0,2019.0,2022.0,30,"Comedy,Drama,Mystery",7.7,116160,100.0
tt5296406,tvSeries,Designated Survivor,Designated Survivor,0,2016.0,2019.0,60,"Action,Drama,Mystery",7.4,115257,100.0
tt11041332,tvSeries,Yellowjackets,Yellowjackets,0,2021.0,,60,"Drama,Horror,Mystery",7.7,114692,100.0
tt1845307,tvSeries,2 Broke Girls,2 Broke Girls,0,2011.0,2017.0,22,Comedy,6.7,114593,100.0
tt4532368,tvSeries,Legends of Tomorrow,Legends of Tomorrow,0,2016.0,2022.0,42,"Action,Adventure,Drama",6.7,114537,100.0
tt6315640,tvSeries,Atypical,Atypical,0,2017.0,2021.0,30,"Comedy,Drama",8.2,113742,100.0
tt5232792,tvSeries,Lost in Space,Lost in Space,0,2018.0,2021.0,60,"Adventure,Drama,Family",7.3,113224,100.0
tt31510819,tvSeries,MobLand,MobLand,0,2025.0,,50,"Crime,Drama",8.3,113108,100.0
tt27995114,tvSeries,Dept. Q,Dept. Q,0,2025.0,,60,"Crime,Drama,Mystery",8.1,112562,100.0
tt9544034,tvSeries,The Family Man,The Family Man,0,2019.0,,45,"Action,Comedy,Crime",8.7,112495,100.0
tt7949218,tvSeries,See,See,0,2019.0,2022.0,60,"Action,Drama,Sci-Fi",7.6,110705,100.0
tt21209876,tvSeries,Solo Leveling,Ore dake reberu appu na ken,0,2024.0,,,"Action,Adventure,Animation",8.5,110467,100.0
tt2934286,tvSeries,Halo,Halo,0,2022.0,2024.0,60,"Action,Adventure,Sci-Fi",7.3,110137,100.0
tt8064302,tvSeries,Dead to Me,Dead to Me,0,2019.0,2022.0,30,"Comedy,Crime,Drama",7.9,110104,100.0
tt5691552,tvSeries,The Orville,The Orville,0,2017.0,2022.0,45,"Adventure,Comedy,Sci-Fi",8.0,109105,100.0
tt5189670,tvSeries,Making a Murderer,Making a Murderer,0,2015.0,2018.0,60,"Crime,Documentary",8.5,108155,100.0
tt3007572,tvSeries,Locke & Key,Locke & Key,0,2020.0,2022.0,48,"Drama,Fantasy,Horror",7.3,107612,100.0
tt10813940,tvSeries,Ginny & Georgia,Ginny & Georgia,0,2021.0,,,"Comedy,Drama",7.5,107570,100.0
tt10293938,tvSeries,Outer Banks,Outer Banks,0,2020.0,2026.0,50,"Action,Crime,Drama",7.5,106783,100.0
tt14186672,tvSeries,Landman,Landman,0,2024.0,,60,"Crime,Drama,Western",8.2,106471,100.0
tt19244304,tvSeries,It: Welcome to Derry,IT: Welcome to Derry,0,2025.0,,60,"Fantasy,Horror",7.9,105923,100.0
tt3530232,tvSeries,Last Week Tonight with John Oliver,Last Week Tonight with John Oliver,0,2014.0,,30,"Comedy,News,Talk-Show",8.8,105204,100.0
tt8421350,tvSeries,Manifest,Manifest,0,2018.0,2023.0,43,"Drama,Mystery,Sci-Fi",7.0,104492,100.0
tt35495073,tvSeries,Heated Rivalry,Heated Rivalry,0,2025.0,,50,"Drama,Romance,Sport",8.8,103955,100.0
tt13623632,tvSeries,Alien: Earth,Alien: Earth,0,2025.0,,55,"Horror,Sci-Fi,Thriller",7.1,103817,100.0
tt1831164,tvSeries,Leyla and Mecnun,Leyla ile Mecnun,0,2011.0,2023.0,90,"Adventure,Comedy,Drama",9.0,103699,100.0
tt5114356,tvSeries,Legion,Legion,0,2017.0,2019.0,60,"Action,Sci-Fi,Thriller",8.1,103562,100.0
tt13309742,tvSeries,Blue Eye Samurai,Blue Eye Samurai,0,2023.0,,45,"Action,Adventure,Animation",8.7,103527,100.0
tt2788432,tvSeries,American Crime Story,American Crime Story,0,2016.0,2021.0,42,"Biography,Crime,Drama",8.4,102476,100.0
tt1561755,tvSeries,Bob's Burgers,Bob's Burgers,0,2011.0,,22,"Animation,Comedy",8.2,102269,100.0
tt13616990,tvSeries,Chainsaw Man,Chainsaw Man,0,2022.0,2022.0,24,"Action,Animation,Comedy",8.3,102053,100.0
tt18335752,tvSeries,1923,1923,0,2022.0,2025.0,60,"Drama,Western",8.3,101940,100.0
tt7134908,tvSeries,Elite,Élite,0,2018.0,2024.0,60,"Crime,Drama,Thriller",7.1,101564,100.0
tt8806524,tvSeries,Star Trek: Picard,Star Trek: Picard,0,2020.0,2023.0,46,"Action,Adventure,Drama",7.5,101449,100.0
tt8714904,tvSeries,Narcos: Mexico,Narcos: México,0,2018.0,2021.0,60,"Biography,Crime,Drama",8.3,101432,100.0
tt2249007,tvSeries,Ray Donovan,Ray Donovan,0,2013.0,2020.0,60,"Crime,Drama",8.3,99487,100.0
tt18923754,tvSeries,Daredevil: Born Again,Daredevil: Born Again,0,2025.0,,60,"Action,Crime,Drama",8.1,98808,100.0
tt4288182,tvSeries,Atlanta,Atlanta,0,2016.0,2022.0,30,"Comedy,Drama,Music",8.6,98464,100.0
tt6524350,tvSeries,Big Mouth,Big Mouth,0,2017.0,2025.0,30,"Animation,Comedy,Romance",7.8,98275,100.0
tt1898069,tvSeries,American Gods,American Gods,0,2017.0,2021.0,60,"Drama,Fantasy,Mystery",7.6,98233,100.0
tt1462059,tvSeries,Falling Skies,Falling Skies,0,2011.0,2015.0,42,"Action,Adventure,Drama",7.1,97975,100.0
tt6077448,tvSeries,Sacred Games,Sacred Games,0,2018.0,2019.0,,"Action,Crime,Drama",8.5,97789,100.0
tt17491088,tvSeries,The Diplomat,The Diplomat,0,2023.0,,50,"Drama,Thriller",8.0,97530,100.0
tt3502248,tvSeries,Bosch,Bosch,0,2014.0,2021.0,50,"Crime,Drama",8.5,97436,100.0
tt13833978,tvSeries,The Lincoln Lawyer,The Lincoln Lawyer,0,2022.0,,60,"Crime,Drama,Mystery",7.8,97375,100.0
tt2071645,tvSeries,The Following,The Following,0,2013.0,2015.0,43,"Crime,Drama,Horror",7.4,96330,100.0
tt17677860,tvSeries,Presumed Innocent,Presumed Innocent,0,2024.0,,,"Crime,Drama,Mystery",7.7,94847,100.0
tt3475734,tvSeries,Agent Carter,Agent Carter,0,2015.0,2016.0,45,"Action,Adventure,Crime",7.8,94772,100.0
tt5712554,tvSeries,The Grand Tour,The Grand Tour,0,2016.0,,60,"Adventure,Comedy,Sport",8.7,94677,100.0
tt10062292,tvSeries,Never Have I Ever,Never Have I Ever,0,2020.0,2023.0,30,"Comedy,Drama",7.8,94511,100.0
tt6517102,tvSeries,Castlevania,Castlevania,0,2017.0,2021.0,23,"Action,Adventure,Animation",8.3,94473,100.0
tt5607976,tvSeries,His Dark Materials,His Dark Materials,0,2019.0,2022.0,60,"Adventure,Drama,Fantasy",7.7,94397,100.0
tt2654620,tvSeries,The Strain,The Strain,0,2014.0,2017.0,43,"Drama,Fantasy,Horror",7.3,93260,100.0
tt14852808,tvSeries,The Watcher,The Watcher,0,2022.0,,,"Drama,Horror,Mystery",6.5,93213,100.0
tt6473300,tvSeries,Mirzapur,Mirzapur,0,2018.0,,60,"Action,Crime,Thriller",8.4,93213,100.0
tt10638036,tvSeries,Heartstopper,Heartstopper,0,2022.0,2024.0,30,"Drama,Romance",8.5,92969,100.0
tt9170108,tvSeries,Raised by Wolves,Raised by Wolves,0,2020.0,2022.0,55,"Drama,Fantasy,Sci-Fi",7.4,92815,100.0
tt19854762,tvSeries,Hijack,Hijack,0,2023.0,,47,"Drama,Thriller",7.3,92610,100.0
tt1910272,tvSeries,Steins; Gate,Steins; Gate,0,2011.0,2015.0,24,"Animation,Comedy,Drama",8.8,92251,100.0
tt9432978,tvSeries,Kota Factory,Kota Factory,0,2019.0,2021.0,40,"Comedy,Drama",9.0,92096,100.0
tt33503491,tvSeries,When the Phone Rings,Jigeum Geosin Jeonhwaneun,0,2024.0,2025.0,60,"Drama,Mystery,Romance",6.0,91659,100.0
tt8291284,tvSeries,The Peripheral,The Peripheral,0,2022.0,2022.0,60,"Drama,Mystery,Sci-Fi",7.5,91125,100.0
tt11823076,tvSeries,Tiger King,Tiger King,0,2020.0,2021.0,45,"Biography,Crime,Documentary",7.5,90855,100.0
tt14169960,tvSeries,All of Us Are Dead,Jigeum uri hakgyoneun,0,2022.0,,60,"Action,Drama,Fantasy",7.6,90347,100.0
tt7826376,tvSeries,Upload,Upload,0,2020.0,2025.0,30,"Comedy,Mystery,Sci-Fi",7.8,90127,100.0
tt4093826,tvSeries,Twin Peaks,Twin Peaks,0,2017.0,2017.0,60,"Crime,Drama,Horror",8.5,89607,100.0
tt1641349,tvSeries,Terra Nova,Terra Nova,0,2011.0,2011.0,46,"Adventure,Drama,Mystery",6.7,88735,100.0
tt0489974,tvSeries,Carnival Row,Carnival Row,0,2019.0,2023.0,56,"Crime,Drama,Fantasy",7.7,88540,100.0
tt2070791,tvSeries,Revolution,Revolution,0,2012.0,2014.0,43,"Action,Adventure,Drama",6.6,88102,100.0
tt7772588,tvSeries,For All Mankind,For All Mankind,0,2019.0,2027.0,60,"Drama,Sci-Fi",8.1,87601,100.0
tt8690918,tvSeries,Resident Alien,Resident Alien,0,2021.0,2025.0,45,"Comedy,Drama,Mystery",8.0,87071,100.0
tt5016504,tvSeries,Preacher,Preacher,0,2016.0,2019.0,60,"Adventure,Comedy,Fantasy",7.9,86863,100.0
